province,trueName
北京市,北京市丰台区丰台街道永善新时代劝导队－全国三八红旗集体
安徽省,安徽省淮北市相山区西街道安康社区-全国文明单位、全国综合减灾示范社区、全国和谐社区建设示范社区
浙江省,杭州市西湖区翠苑街道翠苑一区社区-全国先进基层党组织、全国和谐社区建设示范社区
浙江省,浙江省杭州市拱墅区长庆街道王马社区－全国先进基层党组织
浙江省,浙江省宁波市海曙区白云街道安丰社区－全国示范性老年友好型社区
浙江省,浙江省宁波市海曙区段塘街道华兴社区－全国和谐社区建设示范社区
浙江省,浙江省宁波市海曙区段塘街道南都社区－全国综合减灾示范社区
浙江省,浙江省宁波市海曙区天一商圈商业社区服务中心－全国先进基层党组织
浙江省,浙江省宁波市海曙区西门街道北郊社区－全国社区侨务工作示范单位
浙江省,浙江省宁波市海曙区月湖街道迎凤社区－全国先进基层群众性自治组织
浙江省,浙江省宁波市余姚市凤山街道季卫桥社区－全国和谐社区建设示范社区、全国科普示范社区、全国综合减灾示范社区、全国民族团结进步示范社区
浙江省,浙江省宁波市余姚市凤山街道酱园街社区－全国综合减灾示范社区
浙江省,浙江省宁波市余姚市阳明街道新城市社区－全国文明单位
浙江省,浙江省绍兴市越城区北海街道西湖社区－全国综合减灾示范社区
浙江省,浙江省杭州市上城区凯旋街道南肖埠社区－全国先进基层群众性自治组织
浙江省,浙江省绍兴市越城区北海街道信达社区－全国综合减灾示范社区
浙江省,浙江省绍兴市诸暨市浣东街道东盛社区－全国先进基层群众性自治组织
浙江省,浙江省台州市临海市古城街道鹿城社区－全国先进基层群众性自治组织
浙江省,浙江省台州市温岭市太平街道锦园社区－全国抗击新冠肺炎疫情先进集体、全国先进基层党组织
浙江省,浙江省舟山市嵊泗县东海社区－全国民主法治示范村（社区）
浙江省,浙江省衢州市法律援助中心－全国三八红旗集体
浙江省,浙江省杭州市上城区小营街道小营巷社区－全国先进基层党组织
浙江省,浙江省湖州吴兴区平安大姐社会工作室－全国三八红旗集体
浙江省,浙江省嘉兴市秀洲区孝慈社会工作服务中心－全国先进社会组织
浙江省,浙江省嘉兴市秀洲区新塍镇虹桥社区－全国红十字模范单位、全国示范性老年友好型社区
浙江省,浙江省丽水市遂昌县求和人民调解委员会 “平安遂昌花” 娟姐工作室－全国三八红旗集体
浙江省,浙江省丽水市云和县老李帮忙团服务中心党支部－全国先进基层党组织
浙江省,浙江省宁波市北仑区大碶街道灵峰工业社区－全国抗击新冠肺炎疫情先进集体
福建省,福建省三明市三元区富兴堡街道富文社区－全国模范人民调解委员会
福建省,福建省厦门市禾山街道禾山社区－全国社会工作服务示范社区、全国示范性老年友好型社区
福建省,福建省厦门市同安区祥平街道芸溪社区－全国示范性老年友好型社区
福建省,福建省福州市鼓楼区东街街道军门社区－全国民主法治示范村（社区）、全国三八红旗集体
江西省,江西省南昌市东湖区彭家桥街道光明社区－全国先进基层党组织、全国民主法治示范村（社区）、全国示范性老年友好型社区、全国综合减灾示范社区
江西省,江西省抚州市临川区西大街街道西大街社区－全国示范性老年友好型社区
江西省,江西省吉安市青原区值夏镇值夏社区－全国民主法治示范村（社区）
江西省,江西省吉安市青原区值夏镇值夏社区人民调解委员会白保忠调解工作室－全国模范人民调解委员会
江西省,江西省九江市浔阳区甘棠街道龙山社区－全国示范性老年友好型社区
江西省,江西省南昌市西湖区铁路二村社区－全国先进基层群众性自治组织
江西省,江西省上饶市广信区旭日街道金桥社区－全国先进基层群众性自治组织
江西省,江西省宜春市瑞州街道凤凰社区－全国和谐社区建设示范社区
山东省,山东省日照市莒县大湖社区－全国民主法治示范村（社区）
山东省,山东省济宁市任城区越河街道竹竿巷社区－全国先进基层党组织
山东省,山东省东营市东营区胜利街道中山社区－全国先进基层党组织
山东省,山东省烟台市芝罘区毓璜顶街道大海阳社区－全国先进基层群众性自治组织
山东省,山东省烟台市芝罘区只楚街道楚林社区－全国民主法治示范村（社区）
山东省,山东省日照市东港区石臼街道津海社区－全国先进基层群众性自治组织
山东省,山东省淄博市临淄区稷下街道淄江社区－全国先进基层群众性自治组织
河南省,河南省鹤壁市淇滨区黎阳路街道福源社区－全国先进基层党组织
河南省,河南省焦作市山阳区艺新街道冬香好妈妈工作站党支部－全国先进基层党组织－全国三八红旗集体
河南省,河南省洛阳市涧西区天津路街道电厂新村社区－全国抗击新冠肺炎疫情先进集体
河南省,河南省洛阳市涧西区重庆路街道二社区－全国先进基层党组织
河南省,河南省漯河市天桥街道滨河路社区－全国民主法治示范村（社区）
河南省,河南省漯河市召陵区天桥街道漓江路社区－全国科普示范社区、全国和谐社区建设示范社区、全国综合减灾示范社区
湖北省,湖北省鄂州市鄂城区凤凰街道南塔社区-全国民族团结进步模范集体、全国示范性老年友好型社区
湖北省,湖北省黄冈市黄州区赤壁街道三清社区-全国示范性老年友好型社区
湖北省,湖北省黄冈市武穴市花桥镇花桥社区-全国示范性老年友好型社区
湖北省,湖北省黄冈市武穴市田家镇街道郭冲社区-全国示范性老年友好型社区
湖北省,湖北省黄冈市浠水县清泉镇十月社区-全国科普示范社区
湖北省,湖北省黄石市黄石港区凤凰山社区-全国综合减灾示范社区、全国示范性老年友好型社区、全国和谐社区建设示范社区
湖北省,湖北省荆州市公安县斗湖堤镇杨公堤社区-全国示范性老年友好型社区
湖北省,湖北省荆州市荆州区城南街道办事处人民调解委员会-全国模范人民调解委员会
湖北省,湖北省荆州市沙市区朝阳街道朝阳街办肉联路社区－全国综合减灾示范社区
湖北省,湖北省荆州市沙市区朝阳街道跃进路社区-全国示范性老年友好型社区
湖北省,湖北省荆州市沙市区崇文街道凤台社区-全国示范性老年友好型社区
湖北省,湖北省鄂州市鄂城区古楼街道官柳社区-全国示范性老年友好型社区
湖北省,湖北省荆州市沙市区解放街道白云桥社区-全国先进基层群众性自治组织
湖北省,湖北省荆州市沙市区解放街道九曲桥社区-全国综合减灾示范社区
湖北省,湖北省潜江市广华寺街道广北社区－全国示范性老年友好型社区
湖北省,湖北省潜江市园林街道红庙社区-全国和谐社区建设示范社区
湖北省,湖北省潜江市园林街道喻家台社区-全国科普示范社区、全国民主法治示范村（社区）
湖北省,湖北省十堰市郧阳区杨溪铺镇青龙泉社区-全国民主法治示范村（社区）
湖北省,湖北省随州市曾都区何店镇人民调解委员会-全国模范人民调解委员会
湖北省,湖北省随州市曾都区西城街道草店子社区-全国民主法治示范村（社区）
湖北省,湖北省随州市曾都区西城街道双龙寺社区-全国民族团结进步模范集体
湖北省,湖北省天门市天门经济开发区侯口街道友谊社区-全国民主法治示范村（社区）
湖北省,湖北省鄂州市鄂城区古楼街道花园社区-湖北省鄂州市鄂城区古楼街道花园社区
湖北省,湖北省武汉市洪山区洪山街道大华社区-全国示范性老年友好型社区
湖北省,湖北省武汉市洪山区珞南街道广八路社区-全国抗击新冠肺炎疫情先进集体
湖北省,湖北省武汉市洪山区珞南街道金桥社区-全国和谐社区建设示范社区、全国充分就业示范社区
湖北省,湖北省武汉市洪山区珞南街道丽岛花园社区-全国和谐社区建设示范社区、全国文明单位
湖北省,湖北省武汉市洪山区珞南街道珞桂社区-全国示范性老年友好型社区
湖北省,湖北省武汉市洪山区卓刀泉街鲁广社区-全国民族团结进步示范社区
湖北省,湖北省武汉市江汉区汉兴街道阳光社区-全国综合减灾示范社区
湖北省,湖北省武汉市江汉区满春街道长堤社区-全国示范性老年友好型社区
湖北省,湖北省武汉市江汉区新华街道新育社区-全国民主法治示范村（社区）
湖北省,湖北省武汉市硚口区古田街道古二社区-全国示范性老年友好型社区
湖北省,湖北省鄂州市鄂城区古楼街道镜园社区-全国综合减灾示范社区
湖北省,湖北省武汉市硚口区古田街道古南社区-全国示范性老年友好型社区
湖北省,湖北省武汉市硚口区汉水桥街道营北社区-全国和谐社区建设示范社区、全国综合减灾示范社区
湖北省,湖北省武汉市青山区工人村街道青和居社区-全国先进基层党组织、全国抗击新冠肺炎疫情先进集体、全国文明单位、全国民主法治示范村（社区）
湖北省,湖北省武汉市长江新区谌家矶街道天兴花园社区－全国综合减灾示范社区
湖北省,湖北省咸宁市赤壁市蒲圻街道华舟社区－全国示范性老年友好型社区
湖北省,湖北省咸宁市咸安区司法局向阳湖司法所-全国新时代“枫桥经验”先进典型
湖北省,湖北省孝感市汉川市仙女山街道福星社区-全国民主法治示范村（社区）
湖北省,湖北省孝感市孝南区广场街道文昌社区－全国退役军人工作模范单位
湖北省,湖北省孝感市孝南区书院街道西湖桥社区-全国示范性老年友好型社区
湖北省,湖北省孝感市云梦县吴铺镇杨店社区-全国民主法治示范村（社区）
湖北省,湖北省鄂州市鄂城区西山街道月畔湾社区-全国综合减灾示范社区
湖北省,湖北省宜昌市伍家岗区伍家岗街道江山社区-全国民族团结进步示范单位
湖北省,湖北省宜昌市伍家岗区伍家岗街道李家湖社区-全国文明单位
湖北省,湖北省宜昌市西陵区葛洲坝街道锦绣社区－全国先进基层群众性自治组织
湖北省,湖北省宜昌市猇亭区七里新村社区-全国和谐社区建设示范社区、全国民主法治示范村（社区）
湖北省,湖北省宜昌市宜都市陆城街道锦江社区-全国抗击新冠肺炎疫情先进集体
湖北省,湖北省恩施州利川市东城街道新桥社区-全国示范性老年友好型社区、全国综合减灾示范社区
湖北省,湖北省恩施州咸丰县联合人民调解委员会苏老武调解工作室-全国模范人民调解委员会
湖北省,湖北省黄冈市黄州区赤壁街道建新社区-全国先进基层党组织、全国和谐社区建设示范社区、国家级充分就业社区
湖北省,湖北省黄冈市黄州区赤壁街道青砖湖社区-全国民主法治示范村（社区）
湖南省,湖南省长沙市开福区望麓园街道荷花池社区-全国三八红旗集体
湖南省,湖南省长沙市开福区望麓园街道水风井社区-全国和谐社区建设示范社区、全国社区侨务工作示范单位、全国综合减灾示范社区
湖南省,湖南省长沙市开福区望麓园街道营盘街社区-国家级充分就业社区
湖南省,湖南省长沙市开福区望麓园街道中山路社区-全国综合减灾示范社区
湖南省,湖南省长沙市三一集团党委-全国创先争优先进基层党组织
湖南省,湖南省长沙市天心区新开铺街道桥头社区-全国先进基层群众性自治组织
湖南省,湖南省长沙市岳麓区橘子洲街道学堂坡社区-全国先进基层党组织、全国和谐社区建设示范社区
湖南省,湖南省邵阳市北塔区状元洲街道柘木社区-全国民主法治示范村（社区）
湖南省,湖南省邵阳市北塔区新滩镇街道资新社区-全国示范性老年友好型社区
湖南省,湖南省邵阳市双清区石桥街道立新社区-全国先进基层群众性自治组织
湖南省,湖南省邵阳市新邵县酿溪镇新阳社区-全国示范性老年友好型社区
湖南省,湖南省益阳市大通湖区河坝镇银河社区-全国示范性老年友好型社区
湖南省,湖南省益阳市资阳区大码头街道建新里社区-全国民主法治示范村（社区）
湖南省,湖南省益阳市资阳区大码头街道金花坪社区-全国先进基层群众性自治组织
湖南省,湖南省长沙市开福区望麓园街道富雅坪社区-全国综合减灾示范社区
广东省,广东省东莞市莞城街道北隅社区－全国和谐社区建设示范社区
广东省,广东省深圳市宝安区西乡街道龙腾社区-全国民主法治示范村（社区）
广东省,广东省深圳市宝安区西乡街道人民调解委员会-全国模范人民调解委员会
广东省,广东省深圳市福田区福保街道益田社区-全国民主法治示范村（社区）、全国示范性老年友好型社区、全国先进基层群众性自治组织
广东省,广东省深圳市南园街道巴登社区-全国民族团结进步模范集体
广东省,广东省深圳市大鹏新区葵新社区-全国民主法治示范村（社区）
广东省,广东省深圳市福田区福田街道福民社区-全国民主法治示范村（社区）
广东省,广东省深圳市福田区莲花街道景田社区-全国民主法治示范村（社区）
广东省,广东省深圳市福田区梅林街道翰岭社区－全国民族团结进步示范社区
广东省,广东省深圳市龙华区民治街道北站社区-全国先进基层党组织
广东省,广东省中山市东区街道花苑社区-全国示范性老年友好型社区、全国文明单位、全国先进基层群众性自治组织、全国综合减灾示范社区
广东省,广东省东莞市南城街道胜和社区－全国和谐社区建设示范社区
广东省,广东省中山市东区街道起湾社区-全国先进基层党组织
广东省,广东省中山市三乡镇圩仔社区-全国综合减灾示范社区
广东省,广东省中山市石岐街道东明社区-全国和谐社区建设示范社区、全国民主法治示范村（社区）
广东省,广东省中山市石岐街道凤鸣社区-全国综合减灾示范社区
广东省,广东省中山市石岐街道桂园社区-全国示范性老年友好型社区
广东省,广东省中山市石岐街道民生社区-全国和谐社区建设示范社区、全国社区侨务工作示范单位
广东省,广东省江门市江翠社区-全国文明单位
广东省,广东省江门市仁美社区-全国示范性老年友好型社区
广东省,广东省梅州市梅江区中心坝社区-全国先进基层群众性自治组织
广东省,广东省韶关市武江区新华街道花城社区-全国先进基层党组织
广东省,广东省东莞市东城街道岗贝社区－全国和谐社区建设示范社区
广东省,广东省阳江市江城区城北街道党工委-全国先进基层党组织
广东省,广东省茂名市茂南区河西街道油城社区-全国示范性老年友好型社区
广东省,广东省东莞市寮步镇横坑社区－全国和谐社区建设示范社区
广东省,广东省东莞市石碣镇城中社区－全国和谐社区建设示范社区
广东省,广东省河源市源城区东埔街道丰源社区-全国先进基层群众性自治组织
广东省,广东省河源市源城区上城街道上城社区-全国文明单位
广东省,广东省河源市源城区源西街道康乐路北社区-全国文明单位
广西壮族自治区,广西壮族自治区桂林市叠彩区叠彩街道回龙社区－全国综合减灾示范社区
广西壮族自治区,广西壮族自治区桂林市象山区平山街道凯风社区－全国示范性老年友好型社区
广西壮族自治区,广西壮族自治区桂林市象山区平山街道同心社区－全国综合减灾示范社区
广西壮族自治区,广西壮族自治区桂林市星区漓东街道五里店社区－全国科普示范社区
广西壮族自治区,广西壮族自治区桂林市兴安县兴安镇城中社区－全国综合减灾示范社区
广西壮族自治区,广西壮族自治区桂林市秀峰区甲山街道长海社区－全国示范性老年友好型社区
广西壮族自治区,广西壮族自治区桂林市秀峰区丽君街道九岗岭社区－全国综合减灾示范社区、国家级充分就业示范社区
广西壮族自治区,广西壮族自治区桂林市秀峰区丽君街道丽君社区－全国示范性老年友好型社区
广西壮族自治区,广西壮族自治区桂林市秀峰区丽君街道阳家山社区－全国示范性老年友好型社区
广西壮族自治区,广西壮族自治区桂林市秀峰区秀峰街道解东社区－全国综合减灾示范社区、全国示范性老年友好型社区
广西壮族自治区,广西壮族自治区钦州市灵山县三海街道三海社区－全国示范性老年友好型社区
广西壮族自治区,广西壮族自治区桂林市叠彩区叠彩街道清秀社区－全国和谐社区建设示范社区、全国综合减灾示范社区
广西壮族自治区,广西壮族自治区钦州市钦南区文峰街道三宣堂社区－全国示范性老年友好型社区
广西壮族自治区,广西壮族自治区钦州市钦南区文峰街道文昌社区－全国综合减灾示范社区、国家级充分就业社区
广西壮族自治区,广西壮族自治区桂林市临桂区临桂镇榕山社区－全国综合减灾示范社区
广西壮族自治区,广西壮族自治区桂林市灵川县灵川镇城西社区－全国综合减灾示范社区
广西壮族自治区,广西壮族自治区桂林市平乐县沙子镇沙子社区－全国综合减灾示范社区
广西壮族自治区,广西壮族自治区桂林市七星区漓东街道横塘社区－全国民主法治示范村（社区）
广西壮族自治区,广西壮族自治区桂林市七星区漓东街道空明社区－全国综合减灾示范社区、国家级充分就业社区
广西壮族自治区,广西壮族自治区桂林市七星区漓东街道毛塘路社区－全国和谐社区建设示范社区、全国民族团结进步模范集体、全国示范性老年友好型社区、全国综合减灾示范社区
广西壮族自治区,广西壮族自治区桂林市象山区平山街道将军桥社区－全国和谐社区建设示范社区、全国民主法治示范村（社区）、全国科普示范社区
海南省,海南省文昌市龙楼镇航天社区－全国文明单位、全国综合减灾示范社区
天津市,天津市滨海新区塘沽街道办事处－全国民族团结进步示范街道
天津市,天津市河西区下瓦房街道富裕广场社区－全国民主法治示范村（社区）
天津市,天津市河西区友谊路街道谊景村社区－全国先进基层党组织、全国示范性老年友好型社区
天津市,天津市南开区华苑街道长华里社区－全国和谐社区建设示范社区
天津市,天津市南开区体育中心街道时代奥城社区－全国先进基层党组织、全国抗击新冠肺炎疫情先进集体
天津市,天津市南开区向阳路街道昔阳里社区－全国和谐社区建设示范社区、全国文明单位
天津市,天津市南开区学府街道新园村社区－全国和谐社区建设示范社区
天津市,天津市南开区长虹街道盛达园社区－全国和谐社区建设示范社区
天津市,天津市宁河区芦台街道华翠社区－全国示范性老年友好型社区
天津市,天津市宁河区芦台街道商业道社区－全国综合减灾示范社区、全国示范性老年友好型社区
天津市,天津市宁河区芦台街道顺驰兴业社区－全国示范性老年友好型社区
天津市,天津市东丽区张贵庄街道詹滨西里社区－全国文明单位、全国先进基层群众性自治组织、全国示范性老年友好型社区、全国科普示范社区
天津市,天津市宁河区芦台街道愉悦港湾社区－全国示范性老年友好型社区
天津市,天津市西青区赤龙南街道佳和荣庭社区－全国示范性老年友好型社区
天津市,天津市西青区李七庄街道邓店社区－全国民主法治示范村（社区）
天津市,天津市西青区辛口镇新惠园社区－全国示范性老年友好型社区
天津市,天津市西青区杨柳青镇御河墅社区－全国示范性老年友好型社区
天津市,天津市和平区南市街道新世界花园社区－全国示范性老年友好型社区、全国综合减灾示范社区
天津市,天津市和平区劝业场街道兆丰路社区－全国示范性老年友好型社区
天津市,天津市和平区新兴街道朝阳里社区－全国先进基层党组织、全国示范性老年友好型社区、全国文明单位、全国学雷锋活动示范点
天津市,天津市河北区建昌街道三和社区－全国示范性老年友好型社区
天津市,天津市河北区望海楼街道昆璞里社区－全国综合减灾示范社区
天津市,天津市河东区大直沽街道汇贤里社区－全国抗击新冠肺炎疫情先进集体
天津市,天津市河西区大营门街道敬重里社区－全国示范性老年友好型社区
重庆市,重庆市江北区铁山坪街道唐桂社区－全国先进基层群众性自治组织、全国示范性老年友好型社区
重庆市,重庆市两江新区人和街道和睦路社区－全国示范性老年友好型社区
四川省,四川省巴中市巴州区西城街道后坝社区－全国先进基层党组织、全国抗击新冠肺炎疫情先进集体
四川省,四川省达州市通川区西城街道红旗路社区－全国民族团结进步模范集体
四川省,四川省泸州市叙永县“石榴籽”人民调解委员会－全国模范人民调解委员会
四川省,四川省泸州市叙永县人民法院摩尼人民法庭－全国民族团结进步模范集体
贵州省,贵州省贵阳市云岩区盐务街道金仓社区－全国先进基层群众性自治组织
贵州省,贵州省贵阳市云岩区盐务街道永安社区－全国民主法治示范村（社区)
贵州省,贵州省黔东南州麻江县官井湖社区－全国民主法治示范村（社区）
贵州省,贵州省黔南州贵定县东方社区－全国文明单位
贵州省,贵州省黔西南州兴义市洒金街道栗坪社区－全国民族团结进步模范集体、全国示范性老年友好型社区
贵州省,贵州省遵义市红花岗区老城街道府后山社区－全国文明单位
贵州省,贵州省遵义市红花岗区老城街道南门社区－全国红十字模范单位
云南省,云南省昆明市盘龙区联盟街道小坝社区－全国先进基层群众性自治组织、全国民族团结进步模范集体
云南省,云南省楚雄彝族自治州禄丰市阿纳社区－全国民主法治示范村（社区)
云南省,云南省昆明市官渡区关上街道关上中心社区－全国民族团结进步示范社区
云南省,云南省昆明市官渡区官渡街道季官社区－全国先进基层党组织
云南省,云南省昆明市官渡区金马街道东华路社区－全国示范性老年友好型社区
云南省,云南省昆明市官渡区金马街道曙光社区－全国示范性老年友好型社区
云南省,云南省昆明市官渡区金马街道幸福邻里社区－全国模范人民调解委员会
云南省,云南省昆明市盘龙区鼓楼街道桃源社区－全国和谐社区建设示范社区、全国综合减灾示范社区
云南省,云南省昆明市盘龙区联盟街道金江路社区－全国民主法治示范村（社区）
云南省,云南省昆明市盘龙区青云街道－全国新时代“枫桥经验”先进典型
云南省,云南省昆明市宜良县匡远街道清远社区－全国综合减灾示范社区
云南省,云南省楚雄彝族自治州禄丰市禄钢社区－全国示范性老年友好型社区
云南省,云南省丽江市古城区大研街道新义社区－全国三八红旗集体、全国文明单位
云南省,云南省丽江市古城区大研街道义尚社区－全国民主法治示范村（社区）
云南省,云南省丽江市古城区西安街道文汇社区－全国三八红旗集体、全国文明单位、全国先进基层群众性自治组织
云南省,云南省丽江市华坪县兴隆社区－全国民主法治示范村（社区）
云南省,云南省临沧市临翔区凤翔街道锦凤社区－全国示范性老年友好型社区
云南省,云南省临沧市临翔区忙畔街道玉龙社区－全国示范性老年友好型社区
云南省,云南省普洱市南屏镇思茅区倒生根社区－全国先进基层党组织、全国民族团结进步示范社区
云南省,云南省曲靖市麒麟区南宁街道麒麟社区－全国和谐社区建设示范社区
云南省,云南省曲靖市麒麟区益宁街道金江社区－全国民主法治示范村（社区）、全国先进基层党组织
云南省,云南省楚雄彝族自治州牟定县平屯社区－全国科普示范社区
云南省,云南省文山壮族苗族自治州丘北县锦屏镇常青社区－全国民主法治示范村（社区）
云南省,云南省文山壮族苗族自治州砚山县稼依镇大稼依社区－全国民主法治示范村（社区）
云南省,云南省文山壮族苗族自治州砚山县江那镇锦山社区－全国示范性老年友好型社区
云南省,云南省玉溪市澄江市龙街街道广龙社区－全国先进基层党组织
云南省,云南省玉溪市华宁县宁州街道城关社区－国家级充分就业社区、全国民族团结进步模范集体
云南省,云南省楚雄彝族自治州元谋县元马镇龙泉社区－全国综合减灾示范社区
云南省,云南省红河哈尼族彝族自治州开远市乐白道街道凤凰社区－全国示范性老年友好型社区
云南省,云南省红河哈尼族彝族自治州开远市灵泉街道泸江社区－国家级充分就业社区
云南省,云南省红河哈尼族彝族自治州开远市灵泉街道星光社区－国家级充分就业社区
云南省,云南省昆明市呈贡区洛龙街道碧潭社区－全国民主法治示范村（社区）
云南省,云南省昆明市呈贡区乌龙街道七步场社区－全国和谐社区建设示范社区、全国示范性老年友好型社区
西藏自治区,西藏自治区山南市乃东区结莎街道－全国抗击新冠肺炎疫情先进集体
陕西省,陕西省安康市汉滨区鼓楼社区－全国示范性老年友好型社区、全国民主法治示范村（社区）
陕西省,陕西省西安市新城区韩森寨街道咸东社区－全国和谐社区建设示范社区、全国综合减灾示范社区
陕西省,陕西省西安市新城区韩森寨街道新园社区－全国综合减灾示范社区
陕西省,陕西省西安市新城区胡家庙街道西电设社区－全国示范性老年友好型社区
陕西省,陕西省西安市雁塔区长延堡街道电视塔社区－全国民族团结进步模范集体
陕西省,陕西省西安市雁塔区小寨路街道红专南路社区－全国先进基层党组织
陕西省,陕西省咸阳市秦都区渭滨街道锦华社区－全国先进基层群众性自治组织、全国退役军人工作模范单位
陕西省,陕西省西安市灞桥区洪庆街道航天四院社区－全国综合减灾示范社区
陕西省,陕西省西安市灞桥区洪庆街道庆华社区－全国模范人民调解委员会、全国综合减灾示范社区
陕西省,陕西省西安市碑林区东关南街街道东关社区－全国示范性老年友好型社区
陕西省,陕西省西安市碑林区南院门街道印花布园社区－全国示范性老年友好型社区
陕西省,陕西省安康市旬阳市党家坝社区－全国示范性老年友好型社区
陕西省,陕西省西安市碑林区文艺路街道环南路社区－全国示范性老年友好型社区
陕西省,陕西省西安市碑林区长乐坊街道环东社区－全国社会工作服务示范社区
陕西省,陕西省西安市新城区韩森寨街道东方社区－全国示范性老年友好型社区
陕西省,陕西省西安市新城区解放门街道红星社区－全国和谐社区建设示范社区
陕西省,陕西省西安市新城区太华路街道纱厂东街社区－全国综合减灾示范社区
陕西省,陕西省西安市新城区长乐中路街道东尚社区－全国民主法治示范村（社区）、全国综合减灾示范社区
陕西省,陕西省西安市新城区中山门街道群策巷社区－全国民主法治示范村（社区）
陕西省,陕西省西安市新城区自强路街道栖枫社区－全国红十字模范单位
陕西省,陕西省商洛市山阳县十里铺街道高一社区－全国民主法治示范村（社区）
陕西省,陕西省商洛市柞水县乾佑街道仁和社区－全国综合减灾示范社区、全国模范人民调解委员会
陕西省,陕西省铜川市王益区红旗街街道红旗社区－全国民主法治示范村（社区）、全国和谐社区建设示范社区、全国三八红旗集体、全国模范人民调解委员会
陕西省,陕西省铜川市新区正阳路街道秦岭社区－全国示范性老年友好型社区
陕西省,陕西省铜川市耀州区永安路街道东站社区－全国示范性老年友好型社区
陕西省,陕西省铜川市耀州区永安路街道解放社区－全国模范人民调解委员会
陕西省,陕西省西安市新城区韩森寨街道华清学府城社区－全国综合减灾示范社区
甘肃省,甘肃省金昌市金川区桂林路街道宝林里社区－全国先进基层党组织
甘肃省,甘肃省酒泉市阿克塞县红柳湾镇金山社区－全国民族团结进步模范集体
青海省,青海省西宁市城西区文汇路街道文亭巷社区－全国民族团结进步示范社区
宁夏回族自治区,宁夏回族自治区石嘴山市大武口区人民路街道民生社区－全国综合减灾示范社区
宁夏回族自治区,宁夏回族自治区石嘴山市平罗县城关镇明珠社区－全国综合减灾示范社区
宁夏回族自治区,宁夏回族自治区吴忠市利通区胜利镇上桥社区－全国先进基层群众性自治组织
宁夏回族自治区,宁夏回族自治区银川市贺兰县富兴街街道花园社区－全国民族团结进步示范社区
宁夏回族自治区,宁夏回族自治区银川市兴庆区富宁街道中寺社区－全国示范性老年友好型社区
宁夏回族自治区,宁夏回族自治区银川市西夏区文昌路街道共享社区－全国民族团结进步创建示范社区
新疆维吾尔自治区,新疆维吾尔自治区阿克苏地区拜城县拜城镇福乐社区－全国示范性老年友好型社区
新疆维吾尔自治区,新疆维吾尔自治区吐鲁番市鄯善县城镇鸿雁社区－全国民主法治示范村（社区）
新疆维吾尔自治区,新疆维吾尔自治区吐鲁番市托克逊县托克逊真玉泉社区－全国民主法治示范村（社区）
新疆维吾尔自治区,新疆维吾尔自治区乌鲁木齐市天山区赛马场街道红旗社区－全国先进基层群众性自治组织
新疆维吾尔自治区,新疆维吾尔自治区伊犁州奎屯市团结街街道风华里社区－全国科普示范社区、全国学雷锋活动示范点
新疆维吾尔自治区,新疆维吾尔自治区阿克苏地区沙雅县沙雅镇朝阳社区－全国综合减灾示范社区
新疆维吾尔自治区,新疆维吾尔自治区阿克苏地区沙雅县沙雅镇文化社区－全国综合减灾示范社区
新疆维吾尔自治区,新疆维吾尔自治区巴州若羌县铁干里克镇古力巴格社区－全国民主法治示范村（社区）
新疆维吾尔自治区,新疆维吾尔自治区哈密市伊州区东河街道滨河路社区－全国综合减灾示范社区
新疆维吾尔自治区,新疆维吾尔自治区哈密市伊州区东河街道花园社区－全国综合减灾示范社区
新疆维吾尔自治区,新疆维吾尔自治区哈密市伊州区西河街道惠康园社区－全国民族团结进步模范集体
新疆维吾尔自治区,新疆维吾尔自治区克州阿克陶镇慕士塔格路社区－全国综合减灾示范社区
新疆维吾尔自治区,新疆维吾尔自治区克州阿图什市吾斯塘路社区－全国民族团结进步示范社区
河北省,河北省保定市莲池区杨庄乡西高社区－全国示范性老年友好型社区、全国先进基层党组织
河北省,河北省衡水市桃城区路北街道利民社区－全国先进基层群众性自治组织
河北省,河北省衡水市桃城区河东街道桥东社区－全国民主法治示范村（社区）、全国示范性老年友好型社区
河北省,河北省衡水市桃城区河西街道杨树社区－全国示范性老年友好型社区
河北省,河北省廊坊市广阳区爱民东道街道馨境界社区－全国文明单位、全国示范性老年友好型社区、全国民主法治示范社区
河北省,河北省保定市莲池区东关街道河大社区－全国文明单位、全国示范性老年友好型社区
河北省,河北省衡水市武邑县武邑镇文昌社区－全国示范性老年友好型社区
新疆生产建设兵团,新疆生产建设兵团第八师石河子市新城街道七社区－全国先进基层群众性自治组织
山西省,山西省晋中市介休市西关街道馨园路社区－全国示范性老年友好型社区
山西省,山西省阳泉市城区上站街道金三角社区－全国综合减灾示范社区
山西省,山西省阳泉市城区上站街道小阳泉南社区－全国和谐社区建设示范社区、全国文明单位
山西省,山西省阳泉市矿区贵石沟街道水滩社区－全国示范性老年友好型社区
山西省,山西省阳泉市矿区沙坪街道里沙坪社区－全国科普示范社区
山西省,山西省阳泉市城区上站街道德胜街社区－全国民族团结进步模范集体
山西省,山西省阳泉市城区上站街道市政府大院社区－全国民主法治示范村（社区）、全国综合减灾示范社区
山西省,山西省长治市潞州区太行西街街道广场西社区－全国文明单位
山西省,山西省晋城市城区西街街道秀水苑社区－全国文明单位
山西省,山西省晋中市介休市西南街道光明路社区－全国示范性老年友好型社区
山西省,山西省晋中市榆次区西南街道南窑社区－全国民族团结进步示范社区
山西省,山西省晋中市榆社县城区惠民社区－全国示范性老年友好型社区
山西省,山西省临汾市尧都区铁路东街道三元社区－全国先进基层党组织
山西省,山西省吕梁市孝义市崇文街道留义社区－全国民主法治示范村（社区）、全国科普示范社区
山西省,山西省吕梁市孝义市中阳楼街道西关社区－全国综合减灾示范社区、全国示范性老年友好型社区
山西省,山西省太原市古交市桃园街道桃园路社区－全国示范性老年友好型社区
内蒙古自治区,内蒙古自治区鄂尔多斯市伊金霍洛旗阿勒腾席热镇西苑社区－全国示范性老年友好型社区
内蒙古自治区,内蒙古自治区鄂尔多斯市伊金霍洛旗阿勒腾席热镇新北社区－全国先进基层群众性自治组织
内蒙古自治区,内蒙古自治区兴安盟科尔沁右翼前旗党群服务中心－全国先进基层群众性自治组织
内蒙古自治区,内蒙古自治区锡林郭勒盟锡林浩特市希日塔拉街道花园社区－国家级充分就业社区
内蒙古自治区,内蒙古自治区锡林浩特市楚古兰街道爱民社区－全国先进基层群众性自治组织
内蒙古自治区,内蒙古自治区锡林浩特市巴彦查干街道达布希勒特社区－全国民族团结进步模范集体
辽宁省,辽宁省辽阳市白塔区武圣街道惠民社区－全国示范性老年友好型社区
辽宁省,辽宁省辽阳市宏伟区工农街道荟萃湖社区－国家级充分就业社区
辽宁省,辽宁省辽阳市宏伟区工农街道龙鼎山庄社区－国家级充分就业社区
辽宁省,辽宁省辽阳市文圣区千山水泥社区－全国新时代“枫桥经验”先进典型
辽宁省,辽宁省沈阳市大东区大北街道北海社区－全国红十字模范单位
辽宁省,辽宁省沈阳市大东区大北街道北苑社区－国家级充分就业社区
辽宁省,辽宁省沈阳市大东区津桥街道河畔社区－全国民主法治示范村（社区）、全国示范性老年友好型社区
辽宁省,辽宁省沈阳市和平区南湖街道文安路社区－全国和谐社区建设示范社区、全国创先争优先进基层党组织、全国文明单位、全国示范性老年友好型社区
辽宁省,辽宁省沈阳市沈河区风雨坛街道永环社区－全国综合减灾示范社区
黑龙江省,黑龙江省哈尔滨市南岗区荣市街道龙泰社区－全国先进基层党组织、全国先进基层群众性自治组织
上海市,上海市浦东新区塘桥街道南城居民区党总支－全国先进基层党组织
江苏省,江苏省常州市天宁区雕庄街道采菱社区－全国先进基层群众性自治组织
江苏省,江苏省南京市新街口商业街区党组织－全国先进基层党组织
江苏省,江苏宿迁市泗阳县众兴街道红光社区－全国综合减灾示范社区
江苏省,江苏省宿城区项里街道项里社区－全国科普示范社区、全国和谐社区建设示范社区、全国综合减灾示范社区、全国文明单位、全国示范性老年友好型社区
江苏省,江苏省宿迁市宿豫区振友社区－全国先进基层群众性自治组织
江苏省,江苏省无锡市水秀社区－全国先进基层群众性自治组织
江苏省,江苏省盐城市响水助力微梦公益协会党支部－全国先进基层党组织
江苏省,江苏省镇江市京口区正东路街道京口区路社区－全国先进基层党组织