originName,trueName,name,title
10.广西壮族自治区桂林市象山区平山街道凯风社区,广西壮族自治区桂林市象山区平山街道凯风社区,广西壮族自治区桂林市象山区平山街道凯风社区,
11.广西壮族自治区桂林市象山区平山街道同心社区,广西壮族自治区桂林市象山区平山街道同心社区,广西壮族自治区桂林市象山区平山街道同心社区,
13.广西壮族自治区桂林市兴安县兴安镇城中社区,广西壮族自治区桂林市兴安县兴安镇城中社区,广西壮族自治区桂林市兴安县兴安镇城中社区,
14.广西壮族自治区桂林市秀峰区甲山街道长海社区,广西壮族自治区桂林市秀峰区甲山街道长海社区,广西壮族自治区桂林市秀峰区甲山街道长海社区,
15.广西壮族自治区桂林市秀峰区丽君街道九岗岭社区,广西壮族自治区桂林市秀峰区丽君街道九岗岭社区,广西壮族自治区桂林市秀峰区丽君街道九岗岭社区,
17.广西壮族自治区桂林市秀峰区丽君街道阳家山社区,广西壮族自治区桂林市秀峰区丽君街道阳家山社区,广西壮族自治区桂林市秀峰区丽君街道阳家山社区,
18.广西壮族自治区桂林市秀峰区秀峰街道解东社区,广西壮族自治区桂林市秀峰区秀峰街道解东社区,广西壮族自治区桂林市秀峰区秀峰街道解东社区,
2.广西壮族自治区桂林市叠彩区叠彩街道清秀社区,广西壮族自治区桂林市叠彩区叠彩街道清秀社区,广西壮族自治区桂林市叠彩区叠彩街道清秀社区,
21.广西壮族自治区钦州市钦南区文峰街道文昌社区,广西壮族自治区钦州市钦南区文峰街道文昌社区,广西壮族自治区钦州市钦南区文峰街道文昌社区,
5.广西壮族自治区桂林市平乐县沙子镇沙子社区,广西壮族自治区桂林市平乐县沙子镇沙子社区,广西壮族自治区桂林市平乐县沙子镇沙子社区,
7.广西壮族自治区桂林市七星区漓东街道空明社区,广西壮族自治区桂林市七星区漓东街道空明社区,广西壮族自治区桂林市七星区漓东街道空明社区,
8.广西壮族自治区桂林市七星区漓东街道毛塘路社区,广西壮族自治区桂林市七星区漓东街道毛塘路社区,广西壮族自治区桂林市七星区漓东街道毛塘路社区,
9.广西壮族自治区桂林市象山区平山街道将军桥社区,广西壮族自治区桂林市象山区平山街道将军桥社区,广西壮族自治区桂林市象山区平山街道将军桥社区,
4.内蒙古自治区锡林郭勒盟锡林浩特市希日塔拉街道花园社区,内蒙古自治区锡林郭勒盟锡林浩特市希日塔拉街道花园社区,内蒙古自治区锡林郭勒盟锡林浩特市希日塔拉街道花园社区,
