id,acronym,title,subhead,content,path,big_path,caption,type,big
1,ZJS,浙江省：,“141”体系夯实基层治理根基,<space=70>浙江省创新构建“141”基层治理体系，为新时代“枫桥经验”注入全新内涵。该体系以1个县级社会治理中心（综治中心）为牵引，整合治理资源，让群众办事“只进一扇门”；做强乡镇（街道）矛盾纠纷调处、社会治安防控、应急管理指挥、社会工作服务4个板块，提升基层治理实战实效；织密村社网格1张网，夯实村（社区）党组织领导的网格“底座”。
<space=70>“141”基层治理体系运行中，县级中心发挥“大脑”作用，统筹协调各类治理事项；乡镇（街道）板块强化实战能力，实现“基层事情基层办”；村社网格则配备专兼职力量，承担信息采集、矛盾调解等职责，形成县乡一体、条抓块统的快速响应机制。
<space=70>浙江在全面推进数字化改革的浪潮中，通过纵向贯通与横向联动，推动“141”体系实现了治理资源的有效整合和治理效能的显著提升，构建起“全省一盘棋、市级抓统筹、县级负主责、基层强执行”的治理新格局。,textures/1.png,textures/1_big.png,<space=50>图为宁波市镇海区庄市街道基层智治平台,1,1
2,ZJSHZS,浙江省杭州市上城区：,“最美红巷”——新时代“枫桥经验”城市版实践,<space=70>“薪火红巷再出发，一呼百应最善治”，杭州市上城区始终牢记习近平总书记“办实一件事，赢得万人心”的殷殷嘱托，创新“11353”工作体系，全域打造“最美红巷”。全区上下坚持党建引领、条块一体，推动公共服务、公共治理、公共安全协同联动，构建各类组织、各方力量、各种资源“一呼百应”的运行体系，积极推进新时代“枫桥经验”城市版上城实践，实现“基础最实、服务最暖、治理最优、秩序最好、活力最强”的“上城善治”，加快建设独具韵味的国际化现代化共同富裕典范城区。,textures/2.png,textures/2_big.png,<space=50>图为上城区闸弄口街道社区亲子图书馆开展每日故事会,1,1
27,ZJSHZSXSSQ,浙江省：,全面推广西山社区党建引领社会力量参与基层治理模式,<space=70>海宁市西山社区坚持党建引领、需求导向、群众主体、社会协调、文化聚心、问效于民，发挥了人民群众参与社区治理的主动性和创造性，从治理“黑榜”蜕变为荣获十项“国字号”荣誉的先进社区，探索出新时代“枫桥经验”的城市实践路径。2025年8月，浙江召开全省推进会，全面推广西山社区治理经验。
<space=70>该社区联动21家共建单位，将支部建在网格、小区乃至楼道。坚持需求导向，形成5大类112项需求清单，打造“爱心教室”15年服务新市民子女5000余人次；培育“潮乡应急救援队”成功找回走失人员460名；组建“乡帮宁”调解团化解纠纷1813起。通过“爱心联盟”整合158家成员单位、2.7万名志愿者，累计受益群众近20万人次。
<space=70>社区党委扎根基层17年，以“主动找骂”的诚意倾听民声，用“电梯公交”等创新破解民生难题，实现了从“干部干、群众看”到“人人参与、亲如一家”的治理格局转变，展现了基层党组织在凝聚群众、服务群众中的关键作用。,textures/27.png,textures/27_big.jpg,<space=50>图为西山社区联合桃园小学在西山幸福家园党群综合体开展“家校社联动”公益夜市活动,1,1
3,NMGZZJ,内蒙古自治区鄂尔多斯市达拉特旗：,“近邻”党建激活基层治理末梢,<space=70>内蒙古鄂尔多斯市达拉特旗白塔街道创新推行“近邻”党建工作模式，将支部建在小区，组建13支“近邻”服务队，构建“街道－社区－小区－网格－党员中心户”五级治理体系。创新实施“八个一”工作机制：每日网格员小区办公、每周集中服务、每月议事协商和文化活动，实现服务送到“家门口”。通过设立4个特色调解室，累计办理政务服务117次，开展志愿服务95次，化解问题79个，有效推动从“接诉即办”向“未诉先办”转变。
<space=70>改革促进了邻里关系从陌生到熟络，治理方式从单打独斗转向全民参与，构建起“近邻”守望相助的治理新格局。,textures/3.png,textures/3_big.jpg,<space=50>图为恒润一期近邻服务队开展文明实践宣传活动,1,1
4,NNSSYS,辽宁省沈阳市：,“两邻”理念绘就幸福社区新图景,<space=70>沈阳市深入践行“与邻为善、以邻为伴”理念，通过实施六大工程，构建起有爱、有善、有暖、有伴的社区治理新格局。
<space=70>党建聚邻强引领，建立“四级组织体系”，常态化开展在职党员进社区活动。服务暖邻惠民生，舒心就业工程促成城镇新增就业41.9万人；幸福教育送课21.6万节；品质养老提供政府购买服务超50万人次，建成社区食堂233个。科技安邻筑防线，构建四级联动智慧社区体系，深化物联网安防应用。社会助邻聚合力，培育社区社会组织超1.7万家，下拨3000万专项资金吸引社会力量参与。和谐睦邻促稳定，建立3041个协商组织，“三零”工作室使社区安全事故同比下降66.4%。文化亲邻润人心，年均开展邻里文化活动2400余场。六大工程协同发力，切实将“两邻”理念转化为居民可感可及的幸福体验。,textures/4.png,textures/4_big.png,<space=50>图为上园街道卫士社区举办便民惠民服务大集,1,1
5,JLS,吉林省：,构建基层治理统一领导体制,<space=70>吉林省在全省党建引领基层治理协调机制下，成立全省党建引领基层治理放权赋能、减负增效、物业治理、民生服务、“警地融合”、智慧治理6个专项工作组，分别由6位分管省级领导担任组长，由省委编办、省政数局、省委政法委、省住建厅、省民政厅、省公安厅6个部门分别牵头负责，并通过系统化制度设计，形成“1+6”制度体系，实现从“单兵作战”到“协同攻坚”的转变。
<space=70>改革关键举措精准有力，比如，实施放权赋能，将60项县级权力赋予乡镇（街道）；开展“五减两满意”行动切实为基层减负；统筹1.4万名事业编制为基层注入专业力量；创新“警地融合”机制获公安部肯定并在全国推广。治理成效显著，重新划分7.16万个城乡网格实现“多网合一”；推动811个乡镇（街道）单独设置应急管理办公室；实现超10万项政务服务事项基层可办。,textures/5.png,textures/5_big.jpg,<space=50>图为吉林新时代街道书记小巷总理业务大比武省级总决赛现场,1,1
6,JSSNJS,江苏省南京市玄武区：,积极探索街道“中心化”改革创新基层社会治理和服务新模式,<space=70>南京市玄武区探索街道“中心化”改革，重构街道职能体系，将街道原有科室归并整合，建立民生服务、经济服务、城市建设管理、政法综治、区域党建5个中心，形成“模块化”工作格局。通过“一门受理、一站办结”的扁平化服务机制，简化办事流程，让群众办事更便捷。
<space=70>改革同步推进社区“去行政化”，将行政事务回收至街道中心，使社区居委会腾出更多精力服务居民。全区7个街道共设置12个民生服务分中心，构建起“区街联动、政社互动”的协同机制。
<space=70>该模式已成为全省首个社会管理类地方标准，并获批国家首批社会管理和公共服务综合标准化试点项目，为基层治理现代化提供了有益实践。,textures/6.png,textures/6_big.jpg,<space=50>图为街道社区中心化改革示意图,1,1
7,HNSXYS,河南省信阳市：,把牢“红色方向盘”激活治理“新”动能,<space=70>信阳市聚焦新就业群体党建工作，以浉河区网约车行业为试点，创新构建“四位一体”工作体系，有效激发基层治理新动能。
<space=70>通过建立网约车党支部，将流动党员纳入“双重组织生活”管理，实现党组织从无到有、党员由散到聚的转变。线上线下同步开展学习教育，依托柳林革命纪念馆等红色资源开展现场教学，强化思想引领。在全市客流密集地建立网约车停靠点，建设“红色驿站”作为司机歇脚充电的温馨港湾，并持续开展“示范标识在车前、党员徽章佩胸前、身份展示在屏前、文明服务走在前”“四前”关爱活动。
<space=70>同时，广泛开展“支部亮旗帜、党员亮身份、服务亮承诺”活动，推广党员示范岗，评选“共产党员示范车”，带动党员司机积极参与“爱心送考”“茶节免费接送”等志愿服务，赢得了市民广泛好评，形成了党建与行业发展同频共振的良好局面。,textures/7.png,textures/7_big.jpg,<space=50>图为信阳市浉河区网约车行业党支部成立大会,1,1
8,XZZZQ,西藏自治区：,构建新时代文明实践新格局,<space=70>西藏自治区深化拓展新时代文明实践中心建设，全区已建成74个新时代文明实践中心、699个实践所、5539个实践站，设立3000余个实践点，实现县（区）、乡镇（街道）、村（社区）三级全覆盖。创新建立“1+13+N”志愿组织架构，组建2.7万余支志愿服务队，发展65万余名志愿者，成为助力基层治理的重要抓手。
<space=70>各地打造“团结一家亲”“甜茶馆里话党恩”等1770余个特色品牌活动，将党的创新理论通过群众喜闻乐见的方式传播到基层。通过设立“新时代文明实践推动日”、建立“文明积分超市”等创新机制，有效激发群众参与热情，使文明实践中心成为凝聚群众、服务基层的重要平台，为推进“四个创建”提供了坚实支撑。,textures/8.png,textures/8_big.jpg,<space=50>图为西藏自治区深化拓展新时代文明实践中心建设工作培训班结业仪式,1,1
9,SXSYLS,陕西省榆林市榆阳区：,“嵌入式闭环”激活社区治理新动能,<space=70>榆林市榆阳区作为全国社区治理和服务创新实验区，创新构建“嵌入式闭环”工作机制，有效促进了居民自治与网格化服务管理的衔接。
<space=70>该区将城区划分为12个街道网格、85个社区网格、701个管理网格，形成“党建、居民自治、社区社会组织、社会工作”四嵌入机制。通过“1+1+X”网格团队（1名网格长+1名专职网格员+X名兼职网格员）实现精准服务，建立“五定三全一闭环”工作流程。2020年实施49个社区公益项目，新培育80个社区社会组织，开展活动2093次，吸引居民6万余人次参与。创新积分兑换机制，年度积分总量达14万余分，兑换10万余分。整合“双报到”单位投入资金179.4万元，党员参与服务1.5万余人次，有效激活了社区治理内生动力。,textures/9.png,textures/9_big.jpg,<space=50>图为居民在榆阳区崇文路街道才智小区的议事小院内开展关于巷道精细化治理的讨论会,1,1
10,NXHZZZQZWS,宁夏回族自治区中卫市中宁县：,根治“万能章”提升基层治理效能,<space=70>宁夏回族自治区中宁县通过系统治理根治社区“万能章”问题，将证明事项从20余种精简至法定范围，成为全区首个从源头解决证明泛滥问题的县区。
<space=70>该县建立“四清单”制度，明确保留5类法定证明，禁止23项不合理证明。同时打造数据共享平台，使87%的证明实现免提交，办事材料减少62%，办理时限压缩75%。通过权责重构，部门主动核查比例达85%以上，相关投诉量下降92%。这一改革显著减轻了基层负担，使社区工作者从繁琐证明中解脱，将更多精力投入服务群众。,textures/10.png,textures/10_big.jpg,<space=50>图为宁安镇朱营社区助餐志愿服务队为行动不便的老人无偿送餐,1,1
11,ZJSHZS1,浙江省杭州市西湖区：,“民呼我为”擦亮幸福底色,<space=70>杭州市翠苑一区社区牢记习近平总书记“民有所呼、我有所应，民有所呼、我有所为”嘱托，探索形成党建引领基层治理新路径。“民有所呼、我有所应”写进了党的二十届四中全会通过的“十五五”规划建议。
<space=70>社区党委构建“场景-项目-阵地-服务”四级联动机制，发挥共建共赢优势，辐射服务周边25个小区、2.3万户居民。创新“民情三谈”机制，2024年走访居民3416户，通过“网格议事日”收集意见3000余条，实现民情直通。打造“三为”服务体系：党群服务“联合为”建成“15分钟便民生活圈”；志愿服务“贴心为”培育“红之善”服务队；物业管理“创新为”引入专业物业让老旧小区焕新颜。
<space=70>社区获180余项荣誉，相关经验被30家媒体刊发310余篇报道，成为基层治理的生动范本。,textures/11.png,textures/11_big.jpg,<space=50>2003年9月，翠苑一区社区开出了杭州第一家老年食堂。图为居民在食堂用餐,2,1
12,FJSFZS,福建省福州市鼓楼区：,老旧小区焕发幸福新活力,<space=70>福州市军门社区牢记总书记嘱托，从昔日木屋区蜕变成智慧宜居的幸福家园，探索出老旧小区治理新路径。
<space=70>社区通过改造建成1000多平方米为民服务场所，创新“135”党建工作法，实施“五亮”服务工程。在民生帮扶上成效显著：低保户从24户降至3户，发放助学金72万元资助36名学子，帮助2300余名困难人员实现再就业。针对15.8%的老龄化率，建成2000平方米居家养老中心，提供10元爱心餐，安装智能水表实时守护独居老人。如今社区拥有完善“15分钟生活圈”，智慧设施全覆盖，成为老旧小区治理的典范。,textures/12.png,textures/12_big.jpg,<space=50>图为军门社区组织孤寡独居老人等群体共享爱心年夜饭,2,1
13,SDSJNS,山东省济南市槐荫区：,“一线五网”托起“裕园”幸福梦,<space=70>济南市裕园社区通过创新“一线五网”工作法，在0.78平方公里的老旧小区内构建起精细高效的治理体系。
<space=70>该社区以党建为红线，推动多网融合，培育邻里守望服务队等草根组织38家，实现“六会”联动治理。通过“听、讲、谈、唱、看”五字学习法强化组织建设，创新“六步协商法”完善议事机制。连续20年编发《社区快报》，建成“五位一体”党群服务阵地，切实满足居民需求。
<space=70>在破解治理难题方面，创新引入信托制物业，建立双向监督模式，有效化解物业矛盾；通过智能化停车系统实现“席位共享”，解决居民停车难题。这一系列举措让2800户、8000余人的老旧社区焕发新活力，获评“全国先进基层党组织”等荣誉，为开放式小区治理提供了成功样本。,textures/13.png,textures/13_big.jpg,<space=50>裕园社区三箭和平嘉园推行信托制物业模式。图为小区第二次业主大会,2,1
14,HNSLHS,河南省漯河市召陵区：,“四小四大”构建幸福社区新样本,<space=70>河南省漯河市召陵区天桥街道漓江路社区创新实践“四小四大”工作法，以务实举措提升居民幸福感。
<space=70>“小窗口”搭建便民大平台。建成3000平方米党群服务中心，整合233项服务功能，推行错时服务至晚10点。设立19个红色驿站，打造智慧社区“一网统管”平台。
<space=70>“小分队”厚植爱民大情怀。天桥义工队从17人发展至276人，带动4000余人参与志愿服务，累计开展活动5万余场。681名网格员通过“亲情连心卡”实现服务上门。
<space=70>“小载体”撬动惠民大幸福。智慧养老平台看护56位老人，“社区通”巡视336位老人。创新“五色线”帮扶法，为特殊群体提供精准服务。
<space=70>“小机制”激活治理大动能。建立“居民点单—中心派单—志愿者接单—群众评单”四单机制，推行积分兑换激励。通过“五联”工作法与12家单位党建联建，形成共建共治共享新格局。,textures/14.png,textures/14_big.jpg,<space=50>图为天桥街道漓江路社区开展“月揽芳华 雅韵中秋”活动,2,1
15,GDSGZS,广东省广州市：,打造“穗救易”社会救助智慧服务新模式,<space=70>广州市创新打造“穗救易”救助服务品牌，构建“1+3+N”社会救助新体系，实现从传统救助向智慧服务的转型升级。
<space=70>该模式以“政府救助+社会扶助+群众自助”为核心理念，通过三维保障体系筑牢民生底线：财政每年投入约13亿元保障6万余名困难群众；技术赋能实现“刷脸”申办救助，AI模型精准监测预警，累计电访193万人次，节约资金超1亿元；基层提质建成58个共助空间，配备430余名专职救助者。
<space=70>同时，广泛引导社会力量参与，筹集慈善款物超52亿元，点亮6.1万户微心愿，487万志愿者助力服务。困难群众满意度连续多年保持95%以上，“穗救易”两度获评全国创新实践优秀案例，为全国社会救助改革提供了智慧化、协同化的广州样本。,textures/15.png,textures/15_big.jpg,<space=50>图为“穗爱童行·促学成长”活动中，30名困境、流动和留守儿童参观正佳自然科学博物馆,2,1
16,HNSDFS,海南省东方市：,“一听二讲三帮”破解服务群众难题,<space=70>东方市创新推行“一听二讲三帮”工作法，推动基层治理从“被动应对”向“主动服务”转变，有效打通服务群众“最后一公里”。
<space=70>该市组织20家机关企事业单位党组织深入住宅小区，累计开展服务活动77次，参与1415人次。通过“一听”广泛纳民声，收集意见建议138条，建立办实事清单；通过“二讲”精准传党音，开展理论宣讲34次、政策解读76次，发放资料8530份；通过“三帮”务实解民忧，建立116项服务清单，办实事149件，化解纠纷22起，开展党建联建活动26场。
<space=70>这一工作法实现了党员干部与群众面对面沟通、心贴心服务，推动基层治理从“单打独斗”向“协同共治”转变，切实提升了群众的获得感和满意度。,textures/16.png,textures/16_big.png,<space=50>图为东方市各职能单位“下沉”住宅小区，宣传党的创新理论以及党的惠民政策,2,1
17,YNSCXZCXS,云南省楚雄州楚雄市：,文旅融合浇灌民族团结之花,<space=70>楚雄市彝人古镇社区以铸牢中华民族共同体意识为主线，依托4A级景区资源优势，走出了一条文旅融合促进民族团结的新路径。
<space=70>社区坚持党建引领，结成共建单位11家，组建志愿服务队15支，评选示范户70户。创新开展“民族团结誓词宣誓”活动，参与达12.2万人次；通过民族歌舞、彝绣体验等活动服务群众30万余人次。建成“一站式”便民服务大厅，零工市场提供岗位1.6万余个，帮助3124人实现就业。
<space=70>作为涵盖24个民族、常住人口1.36万人的多元社区，其通过文化共融、服务共享、发展共促，成功创建为“全国民族团结进步示范社区”，实现了各族群众共居共乐、交融发展的生动局面。,textures/17.png,textures/17_big.jpg,<space=50>图为彝人古镇社区开展民族团结进步宣传月启动仪式暨“三项计划”系列活动,2,1
18,XZZZQLSS,西藏自治区拉萨市：,“135”志愿服务体系激活基层治理,<space=70>拉萨市夺底街道创新构建“135”志愿服务体系，实现志愿服务与基层治理深度融合，推动志愿服务从“零星分散”转向“系统规范”，形成“我为人人、人人为我”的良性循环。
<space=70>该街道依托6个新时代文明实践站，组建“卓玛调解室”“布谷响铃”等17支特色志愿服务队，发展志愿者1345名。通过落实组织、需求、制度三大保障，推行“群众点单、社区发单、志愿者接单”模式，确保服务精准对接。
<space=70>聚焦五项服务创新，建强党群服务阵地，完成桑伊社区“去行政化”改造；开展精细服务，通过“幸福敲敲门”行动解答咨询60余件、送服务上门20余次；选树志愿服务标杆，打造志愿服务品牌；推进智能服务，运用“云报到”小程序实现志愿服务智慧化管理。,textures/18.png,textures/18_big.jpg,<space=50>图为城关区夺底街道吉祥社区工作人员与“银发”志愿服务队老党员志愿者交流工作心得,2,1
19,SHS,上海市：,深化基层民主实践,<space=70>上海市系统化推进民主选举、民主协商、民主决策、民主管理、民主监督取得积极成效。
<space=70>在民主选举方面，2021年全市完成选民登记约1054万人，由全体有选举权的村民选举产生村民委员会的占比达99.4%，由全体有选举权的居民选举产生居民委员会的占比达97.5%，努力将村（居）民委员会选举作为密切联系群众、筑牢群众基础的过程。
<space=70>在民主协商方面，创新实践“三会”制度，形成“事前听证、事中协调、事后评议”的完整闭环。比如，积极搭建加装电梯等民生实事协商平台，有效促成居民共识。“三会”制度于2017年写入《上海市居民委员会工作条例》，并获评全国优秀社区工作法。
<space=70>在民主决策、民主管理方面，通过推广“楼组自治”，深化“自治金”“微公益”等机制，激发群众自我服务、自我管理的内生动力。
<space=70>在民主监督方面，推动数字化工具与自治实践融合，依托“社区云”等平台拓展居务公开渠道，进一步保障居民的知情权、参与权、表达权、监督权。,textures/19.png,textures/19_big.jpg,<space=50>图为上海黄浦区外滩街道永安路社区居民参与居民委员会换届选举,3,1
20,SXSCZS,山西省长治市潞州区：,“1514”机制激发小区治理新活力,<space=70>长治市潞州区淮海社区创新推行“1514”工作机制，通过建强组织体系、推动党员下沉、搭建共建平台、完善激励机制，有效破解了企业职工聚居区的治理难题。
<space=70>社区构建“社区党委—小区党支部—网格党小组—党员中心户”四级组织体系，推动党员全员下沉小区。通过“五步骤”管理法，让报到党员人人认领岗位，包联1－20户居民，在“八小时之外”管好自家事、关注楼院事、参与社区事。建立由15家单位参与的党建共建平台，以“三张清单”实现资源共享。
<space=70>创新实施“四联共治”机制，开发“i沃社区”智慧平台实现线上报到、活动发布和积分管理，通过“正向激励+反向约束”的评价反馈机制确保服务实效，形成了党建引领下多元共治的生动局面。,textures/20.png,textures/20_big.jpg,<space=50>图为淮海社区联合潞州区文联为社区少年儿童开设了公益课堂,3,1
21,NNSSYS,辽宁省沈阳市和平区：,“19101”模式激活老旧小区治理,<space=70>沈阳市文安路社区创新实施“19101”服务模式，通过建强1个党群服务中心、应用“9每”治理法、做实10项暖心服务、设立1个回音墙，有效破解了老旧小区治理难题。
<space=70>该社区辖19个园区、4948户居民，充分发挥935名党员作用，在德馨家园、金源新村等小区成功实践“小区党建+居民自治”模式。通过“1368”议事法和改造全程“四会”协商机制，让3700余户居民在老旧小区改造中受益。同时建立完善的居民公约和财务制度，实现党支部与业委会“强强联合”。
<space=70>社区还积极培育文艺团队，修建儿童乐园和休闲凉亭，拉近邻里距离，先后荣获国家级荣誉8项、省市荣誉300余项，形成了治理精准、服务暖心、邻里和睦的社区新格局。,textures/21.png,textures/21_big.jpg,<space=50>图为文安路社区居民参与“邻里共治”社区自组织培育项目活动,3,1
22,JXSYTS,江西省鹰潭市月湖区：,“五议工作法”推动居民自治“议起当家”,<space=70>鹰潭市月湖区创新推行“议起当家”基层治理机制，通过“五议工作法”有效激发居民参与热情，提升基层治理效能。
<space=70>该工作法构建“居民提议、两委审议、民主商议、协同决议、大众评议”完整闭环。全区建立173个“议起当家点”、938个微信群，组建619支民情信息员队伍，发动4819名党员群众参与。通过“周五议事、周一解事”机制，2025年已开展议事会议1500余次，讨论议题2900余个，参与2.6万余人次，解决民生问题2739件。
<space=70>通过推行“五议工作法”，业主委员会覆盖率提升至92%，吸纳468名党员；创新“榕树里议事会”“凉亭议事招聘会”等特色形式，提供就业岗位300余个。该做法入选“中国改革2024年度典型案例”，为党建引领基层治理提供了鲜活样本。,textures/22.png,textures/22_big.png,<space=50>图为东湖家园社区组织居民议事,3,1
23,GZSQDNMZDZZZZ,贵州省黔东南苗族侗族自治州三穗县：,构建群众自治新格局,<space=70>贵州省三穗县武笔街道彩虹社区创新基层治理机制，通过建强自治平台、丰富服务内涵、规范治理流程，构建了“组织有力、管理有序、服务完善”的群众自治格局。
<space=70>社区划分15个网格，建立党委1个、党支部5个，培育群众性自治组织11个，配备网格员、楼栋长等1+3服务队伍。通过“线上+线下”双轨运行，累计开展走访320余次，服务群众1万余人次，解决困难1200余个。
<space=70>创新设立“心愿树”收集群众诉求，已实现62个心愿中的48个；建立“三分钟”便民服务圈，引入市场主体38家，带动就业4415人，集体经济年收益达50万元以上。通过“述－议－办－评”四步工作法，矛盾纠纷化解率达100%，事项办结满意度达98%，荣获“全国先进基层群众性自治组织”称号。,textures/23.png,textures/23_big.png,<space=50>图为彩虹社区推动群众性自治组织建设,3,1
24,YNSKMS,云南省昆明市呈贡区：,“豆腐经济”蹚出共富路,<space=70>昆明市七步场社区依托600年豆腐制作传统，探索出“党建+集体经济+特色产业”的“村改居”社区治理新路径。
<space=70>该社区通过“居委会+公司+居民”模式，筹集1000万元成立集体企业，总资产超亿元，累计分红8000余万元，提供就业岗位1400余个。创新推行“七步议事工作法”，以民主协商推动社区治理。同时大力发展豆腐特色产业，建成13家豆腐宴餐饮企业，日均接待游客5000余人次，举办五届豆腐文化旅游节。
<space=70>社区还投资350万元建设养老服务中心，为老年人提供免费早晚餐；实施荷花塘水景观工程，绘制40余幅豆腐主题墙绘，打造“水美社区”。通过文旅融合带动集体经济发展，实现了从传统村落向现代化幸福社区的美丽蜕变。,textures/24.png,textures/24_big.jpg,<space=50>2019年11月8日七步场社区在第三届豆腐文化旅游节上制作“中国最大豆腐”,3,1
25,NXHZZZZWZS,宁夏回族自治区吴忠市利通区：,“六化”机制激活社区治理新动能,<space=70>吴忠市利通区秦渠社区创新推行基层群众自治“六化”工作机制，以17名社区工作者为骨干，联动144名直管党员、324名在职党员及8家共建单位，构建起全民参与的治理新格局。
<space=70>社区先后开展“亲情一家”党群服务、联合党委“聚焦百姓百件事”、融入式网格党建、党旗下的康乃馨等品牌服务，汇聚“红小英”聚力先锋队、“红色物业”等多方力量，充分发挥“党群协商议事会”作用，累计化解矛盾纠纷400余起，解决民生问题1200余件。该实践荣获“全国优秀社区工作法”等称号，成为宁夏基层治理的典型经验。,textures/25.png,textures/25_big.jpg,<space=50>图为胜利镇秦渠社区矛盾纠纷调处会,3,1
26,SCSCDS,四川省成都市：,社区基金会激活基层治理新动能,<space=70>成都市创新发展社区慈善新模式，成立9家社区发展基金会，托管587支社区级微基金，注资总额7600万元，累计募集资金1.5亿余元，社区发展基金会坚持党建引领、多方参与，理事会成员来自党政、企业、社区、社会组织不同领域。     
<space=70>近年来，通过跨区域协作，社会化运行，实施公益项目1057个，开展活动5000余场，服务覆盖3000余个城乡社区，直接惠及居民470余万人次，培育出社区邻里嘉年华、603社区公益慈善、小区爱邻协商协商议事、仲夏邻里节等27个品牌项目，有力助推构建共建共治共享的城乡基层治理格局。,textures/26.png,textures/26_big.jpg,<space=50>图为成都市立邦“为爱上色”ART+城市公益项目中知名艺术家与居民共同创作，推动小区微更新,4,1
28,TJS,天津市和平区：,<space=25>“百姓志愿”绘就温暖画卷,<space=70>天津市和平区作为全国社区志愿者组织发祥地，37年来持续深化党建引领志愿服务，形成了独具特色的“百姓志愿”模式。
<space=70>自1988年朝阳里社区13名志愿者开启邻里互助以来，目前全区志愿者已发展至12.47万人。2019年习近平总书记亲临视察，为志愿服务注入强大动力。全区建立“区－街－社区”三级志愿者协会，建成志愿服务项目孵化基地，开展“追随足迹”沉浸式教学，累计培训3.9万人次。
<space=70>坚持需求导向，2025年通过450份问卷收集400条居民需求，精准实施助浴、法律咨询等服务；实现群众“微心愿”1000余个，开展“就医辅助”等专业服务。创新“文旅+志愿”模式，打造五大道志愿服务街区，推动新就业群体参与基层治理。2025年“学雷锋月”期间开展活动250余场，惠及群众1万余人，志愿服务已成为和平区最温暖的底色。,textures/28.png,textures/28_big.jpg,<space=50>图为新兴街道朝阳里社区“五爱”教育阵地宣讲志愿者齐达昌为社区儿童开展宣讲活动,4,1
29,HBSSJZS,河北省石家庄市桥西区：,“爱心来敲门”解锁互助养老新路径,<space=70>石家庄市桥西区创新探索“爱心来敲门”公益互助养老模式，通过党建引领、低龄助高龄的方式，有效激活社区“银发力量”。
<space=70>该模式以3502厂社区为试点，组建由65名低龄老人组成的志愿服务团队，其中党员8名。通过“双孵化四同步”工作法，建立“1+5互助养老”机制，将社区老人按需求分为五个等级，提供差异化服务。七年来累计开展上门探访5000余次、义务剪发200人次、健康服务200人次，成功处理意外事件2次。
<space=70>目前全区已成立19支服务队，558名银龄志愿者结对帮扶870名高龄老人，开展活动1854次，荣获“市十佳党建品牌”等荣誉，实现了“老有所养、老有所乐、老有所为”的良性循环。,textures/29.png,textures/29_big.jpg,<space=50>图为桥西区志愿服务队剪发小组上门义务剪发,4,1
30,SXSTYS,山西省太原市古交市：,志愿服务激活社区治理新引擎,<space=70>太原古交市腾飞路社区通过构建“1站1总队7分队”志愿服务体系，有效破解了辖6812户、超2万人口（含3398户搬迁村民）混合型社区的治理难题。
<space=70>社区整合498名志愿者力量，创新打造“童趣里”“夕阳里”“志愿里”“绿植里”四大品牌项目。“童趣里”联动学校开展家校社共育，“夕阳里”举办老年关怀活动8次，“志愿里”开展议事协商50余次破解飞线充电等难题。通过“网格化包片+集中整治”模式，累计开展活动59次，服务时长超1000小时，受益群众1万余人次。
<space=70>该模式推动社区治理从“单方管理”转向“多元共治”，注册志愿者达2256人，先后获评全国“最美志愿服务社区”，实现了志愿服务与基层治理的深度融合。,textures/30.png,textures/30_big.jpg,<space=50>图为腾飞路社区志愿者开展志愿服务,4,1
31,NMGZZQCFS,内蒙古自治区赤峰市松山区：,“三驾马车”拉响便民服务铃,<space=70>赤峰市临潢家园社区立足多民族聚居（13个民族、少数民族占比29%）、人口密集（4374户、12622人）的特点，创新打造“红石榴”悦融一刻钟便民生活圈。
<space=70>社区集成684家商户资源，构建三大特色平台：一是“龙乡甄选”电商平台，引入408种赤峰特产，打造“线上+线下”产销直连模式；二是“易广兴”智慧服务平台，吸纳1695家商户，优选435家爱心联盟，创新“碎银+粮票”消费激励；三是“兴乡悦”劳务平台，输出劳务41批1899人，创收40.5万元，开办“梦圆365”夜校培训213期4344人，实现140余人微就业。
<space=70>通过“一门集成+多元参与”机制，社区形成政务、便民、就业服务闭环，推动各民族交往交流交融，打造出具有北方民族特色的社区治理样本。,textures/31.png,textures/31_big.png,<space=50>图为临潢家园社区志愿服务队的志愿者为老年人提供送餐上门服务,4,1
32,HLJSHEBS,黑龙江省哈尔滨市南岗区：,“五务合一”探索社区治理新路径,<space=70>龙泰社区面对下岗职工多、流动人口多等治理难题，创新推行“五务合一”模式，有效整合辖区189家单位资源，构建起共建共治共享的治理新格局。
<space=70>社区打造集党务、政务、服务等“五务合一”的党群服务中心，将12项民生服务事项下沉网格，统筹96名网格员、47名在职党员和10支志愿队伍力量，实现服务与需求精准对接。通过“政务直播”解决难题170余件，建立道德文化养老驿站日均服务老人超百名，改造“红色驿站”服务新就业群体120余人。
<space=70>该模式累计开展安全讲座等活动100余次，组织义诊惠及居民3000余人，成功化解矛盾纠纷19件。社区先后荣获“全国先进基层党组织”等国家级荣誉，探索出一条精准高效的社区治理路径。,textures/32.png,textures/32_big.jpg,<space=50>图为龙泰社区获得全国先进基层党组织,4,1
33,HNSCSS,湖南省长沙市浏阳市：,“黄帽子”擦亮志愿品牌,<space=70>浏阳市集里桥社区依托“黄帽子”志愿者工作站，打造出具有广泛影响力的志愿服务品牌，荣获“全国最美志愿服务社区”等多项荣誉。
<space=70>社区整合3000余平方米活动场地，组建13支志愿服务队，发展注册志愿者2600余名。创新推行“八大员”服务模式，累计开展活动3200余次，服务时长超22万小时。持续开展“爱心冰箱”六年不辍，设立“圆梦墙”实现微心愿，创新“散步式巡逻”构建“五全”防控体系。
社区涌现出10余名“中国好人”“湖南好人”等先进典型，形成“有时间做黄帽子，有需求找黄帽子”的社区新风尚，构建起共建共治共享的基层治理新格局。,textures/33.png,textures/33_big.jpg,<space=50>图为黄帽子志愿者开展志愿服务活动,4,1
34,QHSXNS,青海省西宁市城西区：,“五维共融”绽放民族团结花,<space=70>西宁市文亭巷社区围绕铸牢中华民族共同体意识主线，创新构建“五维共融”机制，在0.9平方公里辖区服务22769人（含15个少数民族1153人），推动各民族全方位深度互嵌。
<space=70>社区打造四大课堂开展政策宣讲，举办民族文化活动100余场；建立“全周期”就业服务体系，提供就业咨询648人次，开展技能培训25期；组建“红石榴志愿服务联盟”，依托582名在职党员认领“微心愿”1000余个，解决问题1500余件；创新“四方联动”治理机制，构建“事务共商、家园共建”新格局。
<space=70>通过空间、文化、经济、社会、心理五大维度协同发力，实现了各族群众共居共学、共建共享、共事共乐，打造了互嵌式社区建设的生动样本。,textures/34.png,textures/34_big.jpg,<space=50>图为“石榴籽党支部”主题党日活动,4,1
35,XJSCJSBTDBSSHZS,新疆生产建设兵团第八师石河子市：,“七彩红桥”连民心,<space=70>红山街道25社区创新打造“七彩红桥”党建品牌，通过七大“红色”工程构建基层治理新格局。社区党委下设13个党支部，管理540名党员，联动6家共建单位，推动300余名在职党员参与志愿服务，形成“支部包片区、党小组包楼栋、党员包户”的网格体系。
<space=70>该社区建立8个网格党支部、56个楼栋党小组，设立120个党员中心户，打造“红乐邻”红色物业，通过“居民点单、物业接单”模式解决民生问题。培育“乐林艺术团”“军垦芳华工作室”等文化团队，年均开展活动50余场，服务超万人次。建成红色先锋、蓝色春蕾、橙色暖心、银色助老四大驿站，提供全龄段服务。
<space=70>“七彩红桥”品牌获中组部优秀创新案例，社区先后荣获全国先进社会组织等荣誉，实现了党建引领下治理效能与服务品质的双提升。,textures/35.png,textures/35_big.jpg,<space=50>图为红山街道25社区开展“我和国旗合个影”系列活动,4,1
